{
  "project_info": {
    "project_number": "62702351169",
    "project_id": "gpambad-b24ff",
    "storage_bucket": "gpambad-b24ff.firebasestorage.app"
  },
  "client": [
    {
      "client_info": {
        "mobilesdk_app_id": "1:62702351169:android:5012ea5a83654b3b2b67c0",
        "android_client_info": {
          "package_name": "com.example.adminapp"
        }
      },
      "oauth_client": [],
      "api_key": [
        {
          "current_key": "AIzaSyBYIfcmRyGKEd9fPBOcdFF_hadgNpaRwZA"
        }
      ],
      "services": {
        "appinvite_service": {
          "other_platform_oauth_client": []
        }
      }
    }
  ],
  "configuration_version": "1"
}